hali_Hesham_Ali_CSCI
khazanchi_Deepak_Khazanchi_CSCI
qzhu_Qiuming_Zhu_CSCI
aashokan_Ashwathy_Ashokan_CSCI
azad_Azad_Azadmanesh_CSCI
jbacagarcia_Jose_Baca_CSCI
dbertelsen_Doug_Bertelsen_CSCI
sbhowmick_Sanjukta_Bhowmick_CSCI
pcavanaugh_Patrick_Cavanaugh_CSCI
zchen_Zhengxin_Chen_CSCI
pchundi_Parvathi_Chundi_CSCI
pdasgupta_Prithviraj_Dasgupta_CSCI
bdorn_Brian_Dorn_CSCI
hfarhat_Hassan_Farhat_CSCI
rfulkerson_Robert_Fulkerson_CSCI
haifengguo_Hai-Feng_Guo_CSCI
ylierler_Yuliya_Lierler_CSCI
bricks_Brian_Ricks_CSCI
hsiy_Harvey_Siy_CSCI
myoungkyu_Myoungkyu_Song_CSCI
msubramaniam_Mahadevan_Subramaniam_CSCI
stanw_Stanley_Wileman_CSCI
vwinter_Victor_Winter_CSCI
jyoun_Jon_Youn_CSCI
mpauley_Mark_Pauley_Si2
johnkon_John_Konvalina_MATH
mbaccouch_Mahboub_Baccouch_MATH
aswift_Andrew_Swift_MATH
rgandhi_Robin_Gandhi_Si2
aparakh_Abhishek_Parakh_Si2
elder_Griff_Elder_MATH
jjhazuka_Jeffery_Hazuka_MATH
rmei_Ren_Mei_CSCI
jblackmore_Jeff_Blackmore_CIST
wmahoney_Bill_Mahoney_Si2
svlasnik_Sandra_Vlasnik_ISQA
blove_Betty_Love_MATH