gsrinivas_Girish_Srinivas_gsrinivas@unomaha.edu_Student
pyalala_Pooja_Yalala_pyalala@unomaha.edu_Student
cbalakrishna_Chethan_Balakrishna_cbalakrishna@unomaha.edu_Student
vhegde_Varun_Hegde_vhegde@unomaha.edu_Student
sandy_Santosh_Kumar_sandy@unomaha.edu_Student
kkrishnappa_Kavya_Krishnappa_kkrishnappa@unomaha.edu_Student
rsubramani_Roopa_Subramani_rsubramani@unomaha.edu_Student
gpravi_Gautam_Ravi_gpravi@unomaha.edu_Student
areddy_Arjun_Reddy_areddy@unomaha.edu_Student
bsn_Bharath_SN_bsn@unomaha.edu_Student
lplanos_Leslie_Planos_lplanos@unomaha.edu_Advisor
bpainter_Brenda_Painter_bpainter@unomaha.edu_Advisor